{
	"credit": "Made with Blockbench",
	"texture_size": [128, 128],
	"textures": {
		"0": "animated_java:item/fcyball_small_balloon/balloon",
		"particle": "animated_java:item/fcyball_small_balloon/balloon"
	},
	"elements": [
		{
			"from": [6, 0, 5],
			"to": [10, 1, 11],
			"rotation": {"angle": 0, "axis": "y", "origin": [7, 0, 7]},
			"faces": {
				"north": {"uv": [12.5, 5, 14.5, 5.375], "texture": "#0"},
				"east": {"uv": [11.875, 12.125, 14.875, 12.5], "texture": "#0"},
				"south": {"uv": [12.5, 5, 14.5, 5.375], "texture": "#0"},
				"west": {"uv": [11.875, 12.125, 14.875, 12.5], "texture": "#0"},
				"up": {"uv": [10.5, 8, 12.5, 11.5], "texture": "#0"},
				"down": {"uv": [10.5, 8, 12.5, 11.5], "texture": "#0"}
			}
		},
		{
			"from": [5, 3, 4],
			"to": [11, 9, 12],
			"rotation": {"angle": 0, "axis": "y", "origin": [7, 4, 7]},
			"faces": {
				"north": {"uv": [10.5, 0, 15, 4.5], "texture": "#0"},
				"east": {"uv": [0, 4.5, 6, 9], "texture": "#0"},
				"south": {"uv": [0, 9, 4.5, 13.5], "texture": "#0"},
				"west": {"uv": [0, 0, 6, 4.5], "texture": "#0"},
				"up": {"uv": [6, 0, 10.5, 6], "texture": "#0"},
				"down": {"uv": [6, 6, 10.5, 12], "texture": "#0"}
			}
		},
		{
			"from": [9, 1, 7.5],
			"to": [10, 3, 8.5],
			"rotation": {"angle": 0, "axis": "y", "origin": [7, 1, 6.5]},
			"faces": {
				"north": {"uv": [10.75, 12.5, 11, 13], "texture": "#0"},
				"east": {"uv": [10.75, 12.5, 11, 13], "texture": "#0"},
				"south": {"uv": [10.75, 12.5, 11, 13], "texture": "#0"},
				"west": {"uv": [10.75, 12.5, 11, 13], "texture": "#0"},
				"up": {"uv": [10.75, 12.5, 11, 12.75], "texture": "#0"},
				"down": {"uv": [10.75, 12.5, 11, 12.75], "texture": "#0"}
			}
		},
		{
			"from": [6, 1, 7.5],
			"to": [7, 3, 8.5],
			"rotation": {"angle": 0, "axis": "y", "origin": [4, 1, 6.5]},
			"faces": {
				"north": {"uv": [10.75, 12.5, 11, 13], "texture": "#0"},
				"east": {"uv": [10.75, 12.5, 11, 13], "texture": "#0"},
				"south": {"uv": [10.75, 12.5, 11, 13], "texture": "#0"},
				"west": {"uv": [10.75, 12.5, 11, 13], "texture": "#0"},
				"up": {"uv": [10.75, 12.5, 11, 12.75], "texture": "#0"},
				"down": {"uv": [10.75, 12.5, 11, 12.75], "texture": "#0"}
			}
		}
	],
	"display": {
		"thirdperson_righthand": {
			"translation": [0, 8.25, 2.25]
		},
		"thirdperson_lefthand": {
			"translation": [0, 8.25, 2.25]
		},
		"firstperson_righthand": {
			"rotation": [-16.1, 6.02, 1.52],
			"translation": [0, 8.25, 0]
		},
		"firstperson_lefthand": {
			"rotation": [-16.1, 6.02, 1.52],
			"translation": [0, 8.25, 0]
		},
		"ground": {
			"translation": [0, 2, 0],
			"scale": [0.5, 0.5, 0.5]
		},
		"gui": {
			"rotation": [30, 225, 0],
			"translation": [0, 3.25, 0],
			"scale": [1.25, 1.25, 1.25]
		},
		"head": {
			"translation": [0, 15.25, 0]
		},
		"fixed": {
			"scale": [0.5, 0.5, 0.5]
		}
	},
	"groups": [
		{
			"name": "item",
			"origin": [8, 8, 8],
			"color": 0,
			"children": [0, 1, 2, 3]
		}
	]
}