{
	"textures": {
		"0": "animated_java:item/fcyball_small_balloon/balloon"
	},
	"display": {
		"head": {
			"rotation": [0, 180, 0]
		}
	},
	"elements": [
		{
			"from": [3.73333, 8, -0.53333],
			"to": [12.26667, 10.13333, 0.53333],
			"faces": {
				"north": {
					"uv": [12.5, 4.875, 14.5, 5.375],
					"texture": "#0"
				},
				"east": {
					"uv": [4.5, 11.25, 4.75, 11.75],
					"texture": "#0"
				},
				"south": {
					"uv": [12.5, 5.375, 14.5, 5.875],
					"texture": "#0"
				},
				"west": {
					"uv": [4.75, 11.25, 5, 11.75],
					"texture": "#0"
				},
				"up": {
					"uv": [14.5, 11, 12.5, 10.75],
					"texture": "#0"
				},
				"down": {
					"uv": [14.5, 11, 12.5, 11.25],
					"texture": "#0"
				}
			}
		},
		{
			"from": [7.46667, 7.73333, -1.06667],
			"to": [8.53333, 12, 0],
			"rotation": {
				"angle": 0,
				"axis": "y",
				"origin": [8, 7.73333, 8]
			},
			"faces": {
				"north": {
					"uv": [12.75, 9.25, 13, 10.25],
					"texture": "#0"
				},
				"east": {
					"uv": [12.5, 12.75, 12.75, 13.75],
					"texture": "#0"
				},
				"south": {
					"uv": [12.75, 12.75, 13, 13.75],
					"texture": "#0"
				},
				"west": {
					"uv": [4.5, 12.875, 4.75, 13.875],
					"texture": "#0"
				},
				"up": {
					"uv": [5.75, 11.875, 5.5, 11.625],
					"texture": "#0"
				},
				"down": {
					"uv": [6, 11.625, 5.75, 11.875],
					"texture": "#0"
				}
			}
		},
		{
			"from": [7.46667, 7.73333, 16],
			"to": [8.53333, 12, 17.06667],
			"rotation": {
				"angle": 0,
				"axis": "y",
				"origin": [8, 7.73333, 8]
			},
			"faces": {
				"north": {
					"uv": [4.75, 12.875, 5, 13.875],
					"texture": "#0"
				},
				"east": {
					"uv": [5, 12.875, 5.25, 13.875],
					"texture": "#0"
				},
				"south": {
					"uv": [5.25, 12.875, 5.5, 13.875],
					"texture": "#0"
				},
				"west": {
					"uv": [5.5, 12.875, 5.75, 13.875],
					"texture": "#0"
				},
				"up": {
					"uv": [4.75, 12, 4.5, 11.75],
					"texture": "#0"
				},
				"down": {
					"uv": [5, 11.75, 4.75, 12],
					"texture": "#0"
				}
			}
		},
		{
			"from": [7.73333, 11.33333, 13.86667],
			"to": [8.26667, 11.86667, 22.93333],
			"rotation": {
				"angle": 0,
				"axis": "y",
				"origin": [8.26667, 7.6, 9.06667]
			},
			"faces": {
				"north": {
					"uv": [5.875, 11.125, 6, 11.25],
					"texture": "#0"
				},
				"east": {
					"uv": [12.75, 6.875, 14.875, 7],
					"texture": "#0"
				},
				"south": {
					"uv": [5.5, 11.25, 5.625, 11.375],
					"texture": "#0"
				},
				"west": {
					"uv": [12.75, 7, 14.875, 7.125],
					"texture": "#0"
				},
				"up": {
					"uv": [6, 11.125, 5.875, 9],
					"texture": "#0"
				},
				"down": {
					"uv": [12.875, 7.125, 12.75, 9.25],
					"texture": "#0"
				}
			}
		},
		{
			"from": [7.73333, 6.53333, 18.13333],
			"to": [8.26667, 11.33333, 22.93333],
			"rotation": {
				"angle": 0,
				"axis": "y",
				"origin": [8.26667, 7.06667, 9.06667]
			},
			"faces": {
				"north": {
					"uv": [7.5, 12.875, 7.625, 14],
					"texture": "#0"
				},
				"east": {
					"uv": [4.5, 9, 5.625, 10.125],
					"texture": "#0"
				},
				"south": {
					"uv": [7.625, 12.875, 7.75, 14],
					"texture": "#0"
				},
				"west": {
					"uv": [4.5, 10.125, 5.625, 11.25],
					"texture": "#0"
				},
				"up": {
					"uv": [7.875, 14, 7.75, 12.875],
					"texture": "#0"
				},
				"down": {
					"uv": [8, 12.875, 7.875, 14],
					"texture": "#0"
				}
			}
		},
		{
			"from": [2.13333, 9.6, 7.46667],
			"to": [3.2, 13.86667, 8.53333],
			"rotation": {
				"angle": 0,
				"axis": "y",
				"origin": [8, 9.6, 8]
			},
			"faces": {
				"north": {
					"uv": [5.75, 12.875, 6, 13.875],
					"texture": "#0"
				},
				"east": {
					"uv": [6, 12.875, 6.25, 13.875],
					"texture": "#0"
				},
				"south": {
					"uv": [6.25, 12.875, 6.5, 13.875],
					"texture": "#0"
				},
				"west": {
					"uv": [6.5, 12.875, 6.75, 13.875],
					"texture": "#0"
				},
				"up": {
					"uv": [5.25, 12, 5, 11.75],
					"texture": "#0"
				},
				"down": {
					"uv": [5.5, 11.75, 5.25, 12],
					"texture": "#0"
				}
			}
		},
		{
			"from": [12.8, 9.6, 7.46667],
			"to": [13.86667, 13.86667, 8.53333],
			"rotation": {
				"angle": 0,
				"axis": "y",
				"origin": [8, 9.6, 8]
			},
			"faces": {
				"north": {
					"uv": [6.75, 12.875, 7, 13.875],
					"texture": "#0"
				},
				"east": {
					"uv": [7, 12.875, 7.25, 13.875],
					"texture": "#0"
				},
				"south": {
					"uv": [12.875, 7.125, 13.125, 8.125],
					"texture": "#0"
				},
				"west": {
					"uv": [7.25, 12.875, 7.5, 13.875],
					"texture": "#0"
				},
				"up": {
					"uv": [9.5, 13.125, 9.25, 12.875],
					"texture": "#0"
				},
				"down": {
					"uv": [9.75, 12.875, 9.5, 13.125],
					"texture": "#0"
				}
			}
		},
		{
			"from": [12.66667, 13.73333, 7.33333],
			"to": [14, 15.06667, 8.66667],
			"rotation": {
				"angle": 0,
				"axis": "y",
				"origin": [8, 10.66667, 8]
			},
			"faces": {
				"north": {
					"uv": [9.75, 12.875, 10, 13.125],
					"texture": "#0"
				},
				"east": {
					"uv": [10, 12.875, 10.25, 13.125],
					"texture": "#0"
				},
				"south": {
					"uv": [10.25, 12.875, 10.5, 13.125],
					"texture": "#0"
				},
				"west": {
					"uv": [10.5, 12.875, 10.75, 13.125],
					"texture": "#0"
				},
				"up": {
					"uv": [13.25, 9.375, 13, 9.125],
					"texture": "#0"
				},
				"down": {
					"uv": [13.25, 9.375, 13, 9.625],
					"texture": "#0"
				}
			}
		},
		{
			"from": [3.73333, 8, 15.46667],
			"to": [12.26667, 10.13333, 16.53333],
			"faces": {
				"north": {
					"uv": [12.5, 5.875, 14.5, 6.375],
					"texture": "#0"
				},
				"east": {
					"uv": [5, 11.25, 5.25, 11.75],
					"texture": "#0"
				},
				"south": {
					"uv": [12.5, 6.375, 14.5, 6.875],
					"texture": "#0"
				},
				"west": {
					"uv": [5.25, 11.25, 5.5, 11.75],
					"texture": "#0"
				},
				"up": {
					"uv": [14.5, 11.5, 12.5, 11.25],
					"texture": "#0"
				},
				"down": {
					"uv": [14.5, 12.5, 12.5, 12.75],
					"texture": "#0"
				}
			}
		},
		{
			"from": [2.66667, 8, 0.53333],
			"to": [3.73333, 10.13333, 15.46667],
			"rotation": {
				"angle": 0,
				"axis": "y",
				"origin": [8, 8, 1.6]
			},
			"faces": {
				"north": {
					"uv": [12.875, 8.125, 13.125, 8.625],
					"texture": "#0"
				},
				"east": {
					"uv": [10.5, 11.5, 14, 12],
					"texture": "#0"
				},
				"south": {
					"uv": [12.875, 8.625, 13.125, 9.125],
					"texture": "#0"
				},
				"west": {
					"uv": [4.5, 12, 8, 12.5],
					"texture": "#0"
				},
				"up": {
					"uv": [12.75, 10.375, 12.5, 6.875],
					"texture": "#0"
				},
				"down": {
					"uv": [8.25, 12.5, 8, 16],
					"texture": "#0"
				}
			}
		},
		{
			"from": [12.26667, 8, 0.53333],
			"to": [13.33333, 10.13333, 15.46667],
			"rotation": {
				"angle": 0,
				"axis": "y",
				"origin": [8, 8, 1.6]
			},
			"faces": {
				"north": {
					"uv": [8.75, 12.875, 9, 13.375],
					"texture": "#0"
				},
				"east": {
					"uv": [8, 12, 11.5, 12.5],
					"texture": "#0"
				},
				"south": {
					"uv": [9, 12.875, 9.25, 13.375],
					"texture": "#0"
				},
				"west": {
					"uv": [11.5, 12, 15, 12.5],
					"texture": "#0"
				},
				"up": {
					"uv": [8.5, 16, 8.25, 12.5],
					"texture": "#0"
				},
				"down": {
					"uv": [8.75, 12.5, 8.5, 16],
					"texture": "#0"
				}
			}
		},
		{
			"from": [3.73333, 6.4, 0.53333],
			"to": [12.26667, 8, 15.46667],
			"rotation": {
				"angle": 0,
				"axis": "y",
				"origin": [8, 6.4, 8]
			},
			"faces": {
				"north": {
					"uv": [8.75, 12.5, 10.75, 12.875],
					"texture": "#0"
				},
				"east": {
					"uv": [4.5, 12.5, 8, 12.875],
					"texture": "#0"
				},
				"south": {
					"uv": [12.5, 10.375, 14.5, 10.75],
					"texture": "#0"
				},
				"west": {
					"uv": [12.5, 4.5, 16, 4.875],
					"texture": "#0"
				},
				"up": {
					"uv": [12.5, 8, 10.5, 4.5],
					"texture": "#0"
				},
				"down": {
					"uv": [12.5, 8, 10.5, 11.5],
					"texture": "#0"
				}
			}
		},
		{
			"from": [2, 13.73333, 7.33333],
			"to": [3.33333, 15.06667, 8.66667],
			"rotation": {
				"angle": 0,
				"axis": "y",
				"origin": [8, 10.66667, 8]
			},
			"faces": {
				"north": {
					"uv": [13, 9.625, 13.25, 9.875],
					"texture": "#0"
				},
				"east": {
					"uv": [13, 9.875, 13.25, 10.125],
					"texture": "#0"
				},
				"south": {
					"uv": [13, 10.125, 13.25, 10.375],
					"texture": "#0"
				},
				"west": {
					"uv": [13, 12.75, 13.25, 13],
					"texture": "#0"
				},
				"up": {
					"uv": [13.25, 13.25, 13, 13],
					"texture": "#0"
				},
				"down": {
					"uv": [13.375, 7.125, 13.125, 7.375],
					"texture": "#0"
				}
			}
		},
		{
			"from": [4.26667, 10.34667, -0.53333],
			"to": [11.73333, 13.54667, 0],
			"rotation": {
				"angle": -22.5,
				"axis": "x",
				"origin": [8, 11.94667, -0.26667]
			},
			"faces": {
				"north": {
					"uv": [12.625, 4.75, 14.375, 5.5],
					"texture": "#0"
				},
				"east": {
					"uv": [12.5, 4.75, 12.625, 5.5],
					"texture": "#0"
				},
				"south": {
					"uv": [12.625, 4.75, 14.375, 5.5],
					"texture": "#0"
				},
				"west": {
					"uv": [14.375, 4.75, 14.5, 5.5],
					"texture": "#0"
				},
				"up": {
					"uv": [12.625, 4.75, 14.375, 4.875],
					"texture": "#0"
				},
				"down": {
					"uv": [12.625, 5.375, 14.375, 5.5],
					"texture": "#0"
				}
			}
		}
	]
}