{
	"credit": "Made with Blockbench",
	"textures": {
		"0": "happy:item/dried_ghast",
		"particle": "happy:item/dried_ghast"
	},
	"elements": [
		{
			"from": [6.5, 0, 8],
			"to": [9.5, 1, 16],
			"rotation": {"angle": 0, "axis": "y", "origin": [8, 0, 8]},
			"faces": {
				"north": {"uv": [0, 3.5, 0.75, 4], "texture": "#0"},
				"east": {"uv": [1.75, 4, 2, 8], "rotation": 90, "texture": "#0"},
				"south": {"uv": [1, 3.5, 1.75, 4], "texture": "#0"},
				"west": {"uv": [0.75, 4, 1, 8], "rotation": 270, "texture": "#0"},
				"up": {"uv": [0, 4, 0.75, 8], "texture": "#0"},
				"down": {"uv": [1, 4, 1.75, 8], "texture": "#0"}
			}
		}
	]
}