{
	"credit": "Made with Blockbench",
	"textures": {
		"0": "happy:item/dried_ghast_rehydrating",
		"particle": "happy:item/dried_ghast_rehydrating"
	},
	"elements": [
		{
			"from": [3, 0, 3],
			"to": [13, 10, 13],
			"rotation": {"angle": 0, "axis": "y", "origin": [8, 0, 8]},
			"faces": {
				"north": {"uv": [4, 11, 6.5, 16], "texture": "#0"},
				"east": {"uv": [0, 11, 2.5, 16], "texture": "#0"},
				"south": {"uv": [12, 11, 14.5, 16], "texture": "#0"},
				"west": {"uv": [8, 11, 10.5, 16], "texture": "#0"},
				"up": {"uv": [4, 3, 6.5, 8], "texture": "#0"},
				"down": {"uv": [8, 3, 10.5, 8], "texture": "#0"}
			}
		}
	]
}