{
	"textures": {
		"0": "animated_java:item/fcyball_small_balloon/balloon"
	},
	"display": {
		"head": {
			"rotation": [0, 180, 0]
		}
	},
	"elements": [
		{
			"from": [-1, 8, -4],
			"to": [17, 26, 20],
			"rotation": {
				"angle": 0,
				"axis": "y",
				"origin": [8, 8, 8]
			},
			"faces": {
				"north": {
					"uv": [0, 9, 4.5, 13.5],
					"texture": "#0"
				},
				"east": {
					"uv": [0, 0, 6, 4.5],
					"texture": "#0"
				},
				"south": {
					"uv": [10.5, 0, 15, 4.5],
					"texture": "#0"
				},
				"west": {
					"uv": [0, 4.5, 6, 9],
					"texture": "#0"
				},
				"up": {
					"uv": [10.5, 6, 6, 0],
					"texture": "#0"
				},
				"down": {
					"uv": [10.5, 6, 6, 12],
					"texture": "#0"
				}
			}
		}
	]
}