{
	"textures": {
		"11": "animated_java:item/fcyball_small_balloon/h_speed_stop"
	},
	"display": {
		"head": {
			"rotation": [0, 180, 0]
		}
	},
	"elements": [
		{
			"from": [2, 6, 7.6],
			"to": [6, 10, 8.6],
			"rotation": {
				"angle": -22.5,
				"axis": "x",
				"origin": [8, 8, 8]
			},
			"faces": {
				"north": {
					"uv": [0, 0, 4, 4],
					"texture": "#11"
				},
				"east": {
					"uv": [4, 0, 5, 4],
					"texture": "#11"
				},
				"south": {
					"uv": [0, 4, 4, 8],
					"texture": "#11"
				},
				"west": {
					"uv": [4, 4, 5, 8],
					"texture": "#11"
				},
				"up": {
					"uv": [9, 1, 5, 0],
					"texture": "#11"
				},
				"down": {
					"uv": [9, 1, 5, 2],
					"texture": "#11"
				}
			}
		}
	]
}