{
	"credit": "Made with Blockbench",
	"textures": {
		"0": "happy:item/ghastling",
		"particle": "happy:item/ghastling"
	},
	"elements": [
		{
			"from": [7, 0, 7],
			"to": [9, 10, 9],
			"rotation": {"angle": 0, "axis": "y", "origin": [8, 0, 8]},
			"faces": {
				"north": {"uv": [0, 1, 0.5, 6], "texture": "#0"},
				"east": {"uv": [1.5, 1, 2, 6], "texture": "#0"},
				"south": {"uv": [1, 1, 1.5, 6], "texture": "#0"},
				"west": {"uv": [0.5, 1, 1, 6], "texture": "#0"},
				"up": {"uv": [0.5, 0, 1, 1], "texture": "#0"},
				"down": {"uv": [0.5, 0, 1, 1], "texture": "#0"}
			}
		}
	]
}